Sphere Size,Gate Height,Force (dynes),Standard Deviation (dynes)
12p7,17,256.7951217,32.27245916
12p7,27,77.57278216,4.515455537
12p7,22,158.4813373,9.273705965
7p8,22,66.76377915,10.97169681
10,22,97.51888844,5.414745426